Image,Male
073827.jpg,0
084910.jpg,1
179725.jpg,0
001782.jpg,1
061748.jpg,0
071123.jpg,1
122602.jpg,1
016759.jpg,1
173544.jpg,0
057853.jpg,0
067010.jpg,0
032400.jpg,1
052604.jpg,0
087342.jpg,0
103792.jpg,0
092630.jpg,1
009997.jpg,1
183924.jpg,1
069614.jpg,1
046420.jpg,0
167650.jpg,0
026066.jpg,1
118327.jpg,1
068583.jpg,1
075204.jpg,1
151724.jpg,0
053957.jpg,1
091111.jpg,1
078688.jpg,1
098583.jpg,1
154877.jpg,0
055153.jpg,0
134123.jpg,0
004311.jpg,0
127965.jpg,0
010312.jpg,0
057425.jpg,1
075148.jpg,1
047845.jpg,1
125062.jpg,1
002256.jpg,0
053567.jpg,0
028097.jpg,0
120212.jpg,0
069524.jpg,0
083780.jpg,1
155300.jpg,0
012878.jpg,0
175092.jpg,1
027459.jpg,0
154318.jpg,1
131144.jpg,1
080610.jpg,1
193974.jpg,0
167921.jpg,1
075390.jpg,0
093459.jpg,0
100877.jpg,1
091358.jpg,1
085356.jpg,0
141862.jpg,1
083366.jpg,0
029860.jpg,1
194650.jpg,0
013606.jpg,1
112465.jpg,1
149603.jpg,1
178308.jpg,0
043125.jpg,0
091761.jpg,0
067425.jpg,0
172481.jpg,1
166076.jpg,0
178556.jpg,0
137304.jpg,1
060621.jpg,0
021165.jpg,0
177325.jpg,0
141043.jpg,0
127541.jpg,0
119038.jpg,0
177061.jpg,0
106880.jpg,0
173588.jpg,0
163506.jpg,1
081551.jpg,1
040920.jpg,1
091616.jpg,1
171056.jpg,0
124857.jpg,1
176707.jpg,0
106629.jpg,1
129341.jpg,1
173183.jpg,0
127488.jpg,0
023035.jpg,1
095920.jpg,1
080656.jpg,0
107363.jpg,1
069983.jpg,1
009613.jpg,0
046845.jpg,1
010475.jpg,1
094417.jpg,0
045018.jpg,0
002450.jpg,0
104115.jpg,0
111927.jpg,0
122512.jpg,0
125599.jpg,1
122039.jpg,1
114107.jpg,0
201002.jpg,0
021487.jpg,0
089089.jpg,1
199869.jpg,0
035166.jpg,0
135375.jpg,0
037168.jpg,0
084882.jpg,1
156955.jpg,1
116655.jpg,0
061667.jpg,0
034063.jpg,0
014541.jpg,0
005308.jpg,0
011816.jpg,1
062914.jpg,1
040117.jpg,1
015799.jpg,0
038086.jpg,0
196405.jpg,1
030774.jpg,0
068856.jpg,1
074999.jpg,0
102367.jpg,0
083425.jpg,1
088005.jpg,1
036824.jpg,0
161601.jpg,1
145875.jpg,0
057759.jpg,1
155616.jpg,1
152516.jpg,0
177434.jpg,0
120258.jpg,1
061465.jpg,1
047875.jpg,0
121704.jpg,0
083275.jpg,1
139611.jpg,1
190396.jpg,0
114758.jpg,1
002362.jpg,0
002747.jpg,1
032211.jpg,0
198698.jpg,1
031738.jpg,1
083581.jpg,0
092561.jpg,1
145334.jpg,1
166021.jpg,1
076160.jpg,1
068770.jpg,0
004557.jpg,0
073967.jpg,1
094601.jpg,0
037224.jpg,1
004623.jpg,0
103415.jpg,1
063709.jpg,0
050755.jpg,0
139722.jpg,1
141067.jpg,1
165880.jpg,0
047597.jpg,1
140504.jpg,0
140798.jpg,1
140687.jpg,1
084211.jpg,0
018102.jpg,1
089211.jpg,1
178896.jpg,0
037682.jpg,0
162571.jpg,1
085893.jpg,1
193360.jpg,0
057945.jpg,1
140649.jpg,0
082926.jpg,1
061343.jpg,1
049379.jpg,0
164697.jpg,0
103643.jpg,1
180139.jpg,1
120103.jpg,1
156168.jpg,0
013037.jpg,1
144352.jpg,1
088461.jpg,0
134322.jpg,1
123514.jpg,1
060912.jpg,0
060982.jpg,0
142445.jpg,0
059800.jpg,1
090999.jpg,1
153278.jpg,0
049073.jpg,0
160575.jpg,1
185530.jpg,0
017157.jpg,1
139126.jpg,1
000240.jpg,0
037874.jpg,1
068073.jpg,1
018035.jpg,0
053801.jpg,1
027292.jpg,1
077712.jpg,0
186394.jpg,0
165009.jpg,1
100711.jpg,1
163425.jpg,1
075504.jpg,0
172158.jpg,0
195720.jpg,0
106722.jpg,1
060110.jpg,0
186782.jpg,0
048867.jpg,1
097508.jpg,0
066913.jpg,1
109518.jpg,1
125803.jpg,1
109701.jpg,1
171232.jpg,1
115497.jpg,1
092093.jpg,0
045793.jpg,1
059668.jpg,0
010825.jpg,0
088792.jpg,0
093251.jpg,1
175241.jpg,0
053268.jpg,0
100679.jpg,0
008601.jpg,0
081605.jpg,1
023838.jpg,0
049952.jpg,1
143246.jpg,0
085487.jpg,1
098301.jpg,0
017023.jpg,0
199026.jpg,0
044800.jpg,1
011628.jpg,1
015926.jpg,1
134691.jpg,0
162315.jpg,1
102634.jpg,0
142340.jpg,1
073796.jpg,0
177395.jpg,0
063132.jpg,0
080899.jpg,1
057742.jpg,0
028768.jpg,1
096404.jpg,1
105863.jpg,0
008151.jpg,0
200375.jpg,0
052656.jpg,0
165406.jpg,0
103262.jpg,1
072922.jpg,0
072138.jpg,1
194047.jpg,0
096120.jpg,0
154671.jpg,0
080190.jpg,1
070826.jpg,0
094009.jpg,0
111414.jpg,1
105674.jpg,1
071517.jpg,0
160624.jpg,0
087490.jpg,1
094946.jpg,0
159970.jpg,0
174790.jpg,1
193560.jpg,0
149502.jpg,0
160302.jpg,1
193146.jpg,0
143646.jpg,0
165928.jpg,0
141830.jpg,0
151620.jpg,1
017512.jpg,1
092804.jpg,1
056155.jpg,1
080077.jpg,1
115865.jpg,1
047575.jpg,1
142792.jpg,1
060181.jpg,1
150707.jpg,0
081841.jpg,1
003959.jpg,1
175518.jpg,1
121788.jpg,1
051029.jpg,0
117225.jpg,1
128158.jpg,1
146099.jpg,0
130792.jpg,0
173412.jpg,0
134336.jpg,0
202253.jpg,0
146795.jpg,0
066290.jpg,1
182707.jpg,0
000051.jpg,1
063655.jpg,1
179270.jpg,1
166157.jpg,1
055348.jpg,0
170540.jpg,1
185313.jpg,1
150589.jpg,1
081374.jpg,1
088631.jpg,1
200167.jpg,0
042853.jpg,0
125753.jpg,1
086090.jpg,1
033251.jpg,0
072659.jpg,1
033200.jpg,0
063449.jpg,0
184300.jpg,0
173619.jpg,1
015784.jpg,1
116694.jpg,0
176052.jpg,0
071612.jpg,1
110756.jpg,1
097492.jpg,1
093280.jpg,1
035158.jpg,0
146985.jpg,0
129002.jpg,0
022967.jpg,1
046748.jpg,0
151504.jpg,0
170853.jpg,1
001983.jpg,1
028284.jpg,0
026391.jpg,0
158638.jpg,1
178562.jpg,0
134806.jpg,0
030446.jpg,1
059472.jpg,0
170253.jpg,1
095474.jpg,0
141820.jpg,0
035174.jpg,0
030546.jpg,0
066337.jpg,0
003543.jpg,1
195404.jpg,1
126551.jpg,1
097164.jpg,1
060648.jpg,0
117747.jpg,0
087103.jpg,0
192968.jpg,0
089826.jpg,0
077485.jpg,0
070211.jpg,1
176960.jpg,1
141716.jpg,0
135817.jpg,1
163164.jpg,1
181056.jpg,1
047786.jpg,1
161951.jpg,1
061520.jpg,0
189077.jpg,0
024091.jpg,1
002698.jpg,0
179475.jpg,0
200803.jpg,1
074065.jpg,1
004886.jpg,1
007119.jpg,1
117932.jpg,0
180847.jpg,0
170207.jpg,0
073913.jpg,1
084094.jpg,1
159454.jpg,1
094784.jpg,1
024775.jpg,0
000858.jpg,1
134970.jpg,1
155292.jpg,1
007002.jpg,1
064946.jpg,1
017975.jpg,1
013392.jpg,1
126519.jpg,0
059470.jpg,1
014043.jpg,0
130951.jpg,0
185326.jpg,0
043861.jpg,1
019743.jpg,0
152467.jpg,1
039140.jpg,0
152479.jpg,1
120975.jpg,0
077190.jpg,1
059838.jpg,1
049321.jpg,0
116091.jpg,0
077973.jpg,0
195735.jpg,0
075467.jpg,0
053074.jpg,1
121742.jpg,1
186047.jpg,1
026630.jpg,1
185366.jpg,1
164726.jpg,0
113022.jpg,1
199989.jpg,1
153888.jpg,1
109959.jpg,0
188672.jpg,1
010485.jpg,1
201018.jpg,0
137376.jpg,1
144937.jpg,1
174909.jpg,1
051961.jpg,0
188010.jpg,0
157866.jpg,0
108568.jpg,1
065387.jpg,1
165808.jpg,1
116105.jpg,0
075672.jpg,0
158285.jpg,0
122683.jpg,0
179727.jpg,1
081760.jpg,1
103564.jpg,0
152466.jpg,1
033412.jpg,0
049355.jpg,0
121762.jpg,1
127962.jpg,0
111428.jpg,0
173249.jpg,1
136396.jpg,1
046162.jpg,1
016217.jpg,1
118206.jpg,1
174354.jpg,1
112013.jpg,1
057654.jpg,0
067072.jpg,1
039267.jpg,1
052992.jpg,0
143617.jpg,0
003148.jpg,0
182720.jpg,1
098335.jpg,1
150699.jpg,0
152460.jpg,0
091710.jpg,0
017298.jpg,1
175714.jpg,0
183846.jpg,1
136513.jpg,1
063278.jpg,1
005390.jpg,1
056607.jpg,0
149303.jpg,0
085840.jpg,0
045958.jpg,1
119273.jpg,0
071861.jpg,0
141323.jpg,1
022764.jpg,1
198770.jpg,0
081062.jpg,1
038299.jpg,1
104792.jpg,0
073418.jpg,0
178988.jpg,0
155434.jpg,1
064362.jpg,1
025775.jpg,1
195769.jpg,1
038818.jpg,1
171819.jpg,0
109411.jpg,1
067830.jpg,1
181026.jpg,0
093636.jpg,0
006184.jpg,0
099431.jpg,1
043946.jpg,0
172024.jpg,1
101561.jpg,0
162904.jpg,1
137371.jpg,1
186989.jpg,1
134016.jpg,1
038111.jpg,1
155025.jpg,1
188828.jpg,1
068396.jpg,0
190832.jpg,1
130656.jpg,0
186129.jpg,0
039537.jpg,0
116484.jpg,1
164095.jpg,0
039391.jpg,1
099764.jpg,0
152692.jpg,1
143433.jpg,1
119733.jpg,1
142740.jpg,1
154465.jpg,0
057465.jpg,1
165500.jpg,1
037766.jpg,1
109182.jpg,0
144688.jpg,0
070695.jpg,0
196888.jpg,1
113930.jpg,0
037638.jpg,1
117118.jpg,1
027043.jpg,1
181238.jpg,1
076604.jpg,0
121309.jpg,1
046479.jpg,1
195178.jpg,0
139978.jpg,1
172061.jpg,1
184197.jpg,1
086978.jpg,0
183018.jpg,0
076755.jpg,1
024916.jpg,0
096108.jpg,1
170667.jpg,1
066455.jpg,0
010102.jpg,1
045698.jpg,0
078699.jpg,0
023075.jpg,1
157242.jpg,0
054217.jpg,0
138464.jpg,1
000282.jpg,1
133612.jpg,1
129916.jpg,1
059284.jpg,1
160701.jpg,0
072719.jpg,0
031272.jpg,1
040393.jpg,1
114191.jpg,0
133469.jpg,0
080024.jpg,0
071654.jpg,0
035840.jpg,1
180586.jpg,0
070310.jpg,1
197528.jpg,0
036141.jpg,0
119741.jpg,0
044134.jpg,1
193989.jpg,1
022144.jpg,1
162722.jpg,0
179226.jpg,1
165541.jpg,1
069579.jpg,0
024882.jpg,0
023736.jpg,1
150169.jpg,1
014062.jpg,0
122145.jpg,1
128175.jpg,0
017738.jpg,0
076178.jpg,0
153060.jpg,1
193685.jpg,0
082794.jpg,1
062309.jpg,1
090249.jpg,1
093805.jpg,0
038770.jpg,1
178512.jpg,0
022079.jpg,0
007106.jpg,1
141123.jpg,1
101851.jpg,0
199946.jpg,0
023824.jpg,0
092029.jpg,0
142142.jpg,0
098337.jpg,1
184326.jpg,0
088319.jpg,1
191453.jpg,1
111893.jpg,0
015874.jpg,1
034795.jpg,0
075203.jpg,1
014950.jpg,0
094915.jpg,1
175248.jpg,1
138881.jpg,0
159412.jpg,0
054747.jpg,1
087603.jpg,0
185887.jpg,1
092734.jpg,0
190649.jpg,1
149792.jpg,1
047346.jpg,0
175298.jpg,1
109254.jpg,1
058421.jpg,1
093565.jpg,1
107229.jpg,0
168221.jpg,0
059775.jpg,1
035562.jpg,0
135872.jpg,1
175732.jpg,1
093870.jpg,1
034244.jpg,1
185127.jpg,0
024125.jpg,0
008021.jpg,1
066174.jpg,1
080893.jpg,0
025630.jpg,1
137277.jpg,0
006490.jpg,1
145742.jpg,0
189512.jpg,0
025126.jpg,1
164514.jpg,1
058670.jpg,0
135686.jpg,0
184090.jpg,1
171167.jpg,1
095426.jpg,0
172098.jpg,1
157170.jpg,1
025727.jpg,1
157680.jpg,0
121496.jpg,1
083996.jpg,0
125534.jpg,0
148295.jpg,1
022666.jpg,0
147954.jpg,0
081444.jpg,0
075291.jpg,1
066228.jpg,1
142223.jpg,1
194894.jpg,0
176531.jpg,1
152658.jpg,1
182007.jpg,1
201245.jpg,0
034083.jpg,1
024703.jpg,0
087416.jpg,0
155182.jpg,1
063669.jpg,0
173201.jpg,1
101464.jpg,1
043013.jpg,0
071527.jpg,1
052405.jpg,0
124339.jpg,0
073719.jpg,1
172092.jpg,0
040729.jpg,0
167195.jpg,1
054467.jpg,1
019560.jpg,0
173287.jpg,1
161590.jpg,0
180921.jpg,0
105200.jpg,0
103602.jpg,1
056385.jpg,0
029967.jpg,1
145987.jpg,1
035250.jpg,0
046040.jpg,0
039895.jpg,0
054878.jpg,1
022566.jpg,0
044592.jpg,0
045840.jpg,0
090610.jpg,1
192531.jpg,1
002389.jpg,1
117232.jpg,1
103504.jpg,1
199975.jpg,1
043352.jpg,0
127721.jpg,0
099496.jpg,1
038072.jpg,0
007484.jpg,0
106547.jpg,1
083406.jpg,0
197939.jpg,0
081310.jpg,0
143093.jpg,1
163766.jpg,1
145448.jpg,0
008880.jpg,1
077255.jpg,1
124534.jpg,0
181839.jpg,1
057833.jpg,1
087193.jpg,0
028131.jpg,1
045553.jpg,0
137231.jpg,1
167265.jpg,0
071575.jpg,0
116187.jpg,0
041622.jpg,1
090418.jpg,1
012408.jpg,0
058125.jpg,0
086468.jpg,1
070428.jpg,1
127031.jpg,0
109505.jpg,0
130878.jpg,1
176147.jpg,1
139457.jpg,1
061233.jpg,0
077111.jpg,1
166912.jpg,0
101180.jpg,0
201307.jpg,0
113213.jpg,1
014682.jpg,0
087410.jpg,0
045873.jpg,1
086189.jpg,1
073457.jpg,0
042371.jpg,1
000798.jpg,1
103754.jpg,0
130964.jpg,0
174442.jpg,1
163411.jpg,1
093015.jpg,0
018891.jpg,1
042877.jpg,1
003416.jpg,0
058588.jpg,0
011094.jpg,0
019053.jpg,0
008264.jpg,1
100079.jpg,0
056210.jpg,1
009195.jpg,1
112434.jpg,1
090164.jpg,0
163120.jpg,0
091620.jpg,1
026818.jpg,0
201135.jpg,1
091642.jpg,1
163628.jpg,1
031518.jpg,0
139338.jpg,1
174608.jpg,0
130261.jpg,0
027481.jpg,0
129152.jpg,1
158335.jpg,0
139521.jpg,1
086911.jpg,1
148900.jpg,0
074199.jpg,0
067983.jpg,0
089241.jpg,1
133181.jpg,1
031715.jpg,1
021849.jpg,0
115290.jpg,1
183855.jpg,1
095896.jpg,0
088300.jpg,1
140978.jpg,0
165237.jpg,1
114417.jpg,0
061419.jpg,1
026382.jpg,1
199718.jpg,1
126038.jpg,1
014938.jpg,1
202347.jpg,0
004449.jpg,1
135160.jpg,0
064966.jpg,1
128545.jpg,0
038684.jpg,0
100409.jpg,0
114444.jpg,0
175867.jpg,1
123400.jpg,0
096196.jpg,1
188508.jpg,1
171807.jpg,1
087467.jpg,1
148045.jpg,0
081606.jpg,0
176670.jpg,0
031264.jpg,0
052411.jpg,0
186226.jpg,0
194312.jpg,1
058120.jpg,0
049873.jpg,1
109509.jpg,0
017810.jpg,1
067452.jpg,1
014827.jpg,1
107210.jpg,1
008968.jpg,0
173205.jpg,1
178055.jpg,1
034371.jpg,0
041403.jpg,1
116073.jpg,0
165926.jpg,0
178033.jpg,0
107486.jpg,0
034919.jpg,1
090007.jpg,1
185206.jpg,0
167937.jpg,1
091380.jpg,1
104595.jpg,1
168361.jpg,1
155345.jpg,0
139366.jpg,1
087086.jpg,1
017324.jpg,1
016092.jpg,0
191756.jpg,1
149023.jpg,1
004007.jpg,1
077818.jpg,1
059610.jpg,0
132796.jpg,1
113758.jpg,1
109703.jpg,0
194215.jpg,0
063747.jpg,1
069709.jpg,0
193132.jpg,1
171228.jpg,1
148399.jpg,0
072090.jpg,1
094024.jpg,0
077600.jpg,1
028445.jpg,0
097815.jpg,0
021161.jpg,1
019117.jpg,0
164683.jpg,1
006949.jpg,1
200251.jpg,0
194438.jpg,0
101763.jpg,0
133066.jpg,1
189934.jpg,1
090658.jpg,0
084728.jpg,0
059215.jpg,0
144229.jpg,0
030048.jpg,1
091853.jpg,0
098124.jpg,0
105964.jpg,1
164947.jpg,0
048452.jpg,0
021502.jpg,1
105926.jpg,1
113739.jpg,0
134854.jpg,1
062745.jpg,0
088136.jpg,1
156685.jpg,0
030938.jpg,0
197219.jpg,1
150698.jpg,0
017191.jpg,1
004599.jpg,1
168646.jpg,1
106167.jpg,0
057801.jpg,0
056890.jpg,1
085927.jpg,1
072186.jpg,0
195139.jpg,1
016258.jpg,1
092481.jpg,1
036090.jpg,1
201392.jpg,1
117842.jpg,0
055187.jpg,0
111420.jpg,1
184203.jpg,0
085453.jpg,1
039418.jpg,0
018658.jpg,0
043398.jpg,0
077847.jpg,0
174831.jpg,1
025813.jpg,0
095534.jpg,1
078004.jpg,1
174813.jpg,1
139590.jpg,0
135755.jpg,0
193277.jpg,1
137346.jpg,0
075258.jpg,0
015979.jpg,1
099777.jpg,0
155844.jpg,1
034520.jpg,0
022569.jpg,0
003516.jpg,1
156408.jpg,0
113984.jpg,0
165154.jpg,1
101221.jpg,1
067477.jpg,0
042238.jpg,1
078471.jpg,1
101241.jpg,1
161450.jpg,0
009287.jpg,0
141649.jpg,1
045864.jpg,1
072464.jpg,0
174927.jpg,0
006511.jpg,0
141741.jpg,0
190944.jpg,1
187441.jpg,0
139932.jpg,0
130568.jpg,0
146804.jpg,0
072653.jpg,1
163792.jpg,0
058577.jpg,0
145776.jpg,1
180630.jpg,1
188225.jpg,1
059406.jpg,0
024498.jpg,0
001637.jpg,0
023137.jpg,1
133455.jpg,1
132256.jpg,1
009482.jpg,1
054890.jpg,0
112807.jpg,0
129790.jpg,0
152965.jpg,1
059089.jpg,1
010187.jpg,1
112242.jpg,1
068032.jpg,1
069461.jpg,1
194271.jpg,0
033857.jpg,0
074822.jpg,1
099826.jpg,0
080842.jpg,1
013953.jpg,0
121603.jpg,0
064271.jpg,1
155650.jpg,1
190249.jpg,1
019758.jpg,0
114598.jpg,0
175399.jpg,0
143103.jpg,1
187928.jpg,0
124207.jpg,0
161412.jpg,0
071136.jpg,0
181140.jpg,1
116852.jpg,1
153475.jpg,1
162396.jpg,1
189581.jpg,1
148339.jpg,1
051399.jpg,1
125670.jpg,0
182471.jpg,1
126265.jpg,1
188454.jpg,1
014139.jpg,1
155940.jpg,1
187206.jpg,0
102878.jpg,0
185760.jpg,0
058490.jpg,1
026566.jpg,1
084208.jpg,0
117667.jpg,1
099769.jpg,1
108059.jpg,0
162383.jpg,0
134671.jpg,0
126270.jpg,0
157895.jpg,0
100096.jpg,0
059778.jpg,1
004405.jpg,0
095962.jpg,0
049646.jpg,1
107536.jpg,1
046483.jpg,1
002310.jpg,1
165811.jpg,0
173653.jpg,1
069922.jpg,1
143593.jpg,0
098992.jpg,0
102935.jpg,0
128809.jpg,1
163281.jpg,0
147637.jpg,1
028651.jpg,1
173439.jpg,0
196018.jpg,1
056540.jpg,0
199004.jpg,0
077057.jpg,0
129288.jpg,1
071093.jpg,0
030223.jpg,1
174942.jpg,0
040126.jpg,0
108121.jpg,0
047947.jpg,0
187467.jpg,0
045572.jpg,0
050037.jpg,0
186298.jpg,1
166991.jpg,1
139728.jpg,0
039905.jpg,0
137674.jpg,1
108799.jpg,1
063585.jpg,0
194261.jpg,0
073214.jpg,0
134065.jpg,0
201956.jpg,1
142967.jpg,1
018060.jpg,0
200725.jpg,0
044629.jpg,0
124686.jpg,0
026267.jpg,0
062715.jpg,1
192845.jpg,1
156177.jpg,1
150717.jpg,1
027132.jpg,1
050357.jpg,1
019874.jpg,0
063683.jpg,1
125464.jpg,1
187343.jpg,1
123661.jpg,0
059695.jpg,0
146069.jpg,0
152987.jpg,0
002085.jpg,0
173660.jpg,1
136189.jpg,1
035037.jpg,1
029163.jpg,0
150092.jpg,1
106253.jpg,0
197271.jpg,1
066872.jpg,0
142676.jpg,0
171300.jpg,0
201431.jpg,1
134747.jpg,0
181279.jpg,1
134609.jpg,1
192544.jpg,0
166736.jpg,0
105006.jpg,0
057142.jpg,0
057704.jpg,0
047987.jpg,0
057871.jpg,1
153808.jpg,0
072341.jpg,1
001270.jpg,1
143162.jpg,1
093710.jpg,1
189651.jpg,1
094141.jpg,1
088238.jpg,0
151714.jpg,0
052528.jpg,1
014269.jpg,0
109047.jpg,1
184853.jpg,0
160075.jpg,1
067656.jpg,1
059107.jpg,1
132189.jpg,0
154278.jpg,0
047625.jpg,0
068084.jpg,1
159589.jpg,1
015112.jpg,1
145664.jpg,0
076778.jpg,1
055637.jpg,0
073111.jpg,0
019271.jpg,1
005363.jpg,1
031808.jpg,1
013022.jpg,1
002125.jpg,1
028876.jpg,0
197929.jpg,1
115403.jpg,1
097892.jpg,1
195084.jpg,1
179121.jpg,0
185963.jpg,0
122740.jpg,0
016514.jpg,0
150328.jpg,0
040124.jpg,1
152577.jpg,1
036558.jpg,0
096167.jpg,1
102093.jpg,0
195824.jpg,0
001665.jpg,0
114989.jpg,1
159994.jpg,1
011981.jpg,0
151053.jpg,0
026898.jpg,1
047579.jpg,1
108425.jpg,1
100114.jpg,0
060082.jpg,0
141161.jpg,1
041032.jpg,1
038681.jpg,0
127971.jpg,0
080775.jpg,1
085983.jpg,0
093469.jpg,0
012046.jpg,1
059060.jpg,0
107277.jpg,0
116832.jpg,1
169519.jpg,0
150218.jpg,0
065489.jpg,0
033436.jpg,0
159991.jpg,1
055225.jpg,0
182289.jpg,0
034741.jpg,1
039970.jpg,1
137464.jpg,0
000608.jpg,1
066057.jpg,0
067296.jpg,1
020708.jpg,0
055124.jpg,0
150377.jpg,0
195513.jpg,1
145851.jpg,0
027891.jpg,1
064613.jpg,1
165166.jpg,1
138369.jpg,0
040334.jpg,1
096125.jpg,0
044254.jpg,1
054469.jpg,1
067593.jpg,1
080568.jpg,0
053583.jpg,0
132807.jpg,1
079821.jpg,0
147434.jpg,0
014065.jpg,0
181622.jpg,1
039552.jpg,0
184032.jpg,1
183217.jpg,0
161746.jpg,0
126098.jpg,1
159910.jpg,1
046127.jpg,1
094108.jpg,1
003354.jpg,0
061556.jpg,1
021690.jpg,1
056851.jpg,0
110003.jpg,1
125862.jpg,1
004757.jpg,0
055999.jpg,0
201325.jpg,0
113268.jpg,1
171848.jpg,1
055804.jpg,0
012102.jpg,0
067157.jpg,1
096974.jpg,0
098990.jpg,1
101817.jpg,0
050291.jpg,0
008343.jpg,0
173789.jpg,1
124838.jpg,1
050012.jpg,1
091726.jpg,0
111413.jpg,0
010791.jpg,1
020411.jpg,1
041537.jpg,1
049516.jpg,1
185568.jpg,0
040313.jpg,0
190131.jpg,0
162858.jpg,0
129630.jpg,1
101391.jpg,1
169089.jpg,0
042489.jpg,0
086739.jpg,0
185381.jpg,0
011088.jpg,0
143970.jpg,0
201604.jpg,1
038856.jpg,0
127653.jpg,0
157981.jpg,1
129064.jpg,1
142502.jpg,0
025139.jpg,1
136326.jpg,1
057354.jpg,0
074067.jpg,0
063644.jpg,0
066796.jpg,1
094001.jpg,0
088492.jpg,0
081132.jpg,1
053461.jpg,1
080614.jpg,1
180458.jpg,1
023997.jpg,0
165315.jpg,1
174943.jpg,0
179723.jpg,1
150741.jpg,0
140843.jpg,0
035062.jpg,0
167674.jpg,1
072388.jpg,0
065738.jpg,1
080084.jpg,1
106643.jpg,1
010512.jpg,0
025504.jpg,1
125768.jpg,0
093294.jpg,1
018802.jpg,1
059939.jpg,1
081846.jpg,0
171287.jpg,0
151547.jpg,1
084857.jpg,0
000922.jpg,0
154299.jpg,0
183216.jpg,0
034093.jpg,1
153844.jpg,0
080762.jpg,0
198832.jpg,0
021264.jpg,1
174526.jpg,1
074246.jpg,0
061712.jpg,1
094361.jpg,1
167791.jpg,1
117362.jpg,0
015231.jpg,0
133043.jpg,0
038030.jpg,1
170334.jpg,1
168772.jpg,1
113614.jpg,0
085897.jpg,1
153522.jpg,1
183923.jpg,1
170973.jpg,1
082782.jpg,0
022086.jpg,1
051361.jpg,0
007383.jpg,0
176130.jpg,0
129568.jpg,1
139971.jpg,1
072303.jpg,0
121055.jpg,1
059064.jpg,1
139339.jpg,1
197277.jpg,1
062175.jpg,1
139732.jpg,1
051682.jpg,0
098745.jpg,0
142296.jpg,0
069102.jpg,0
088085.jpg,1
038459.jpg,0
103560.jpg,0
156997.jpg,1
179307.jpg,0
137557.jpg,1
016406.jpg,1
082897.jpg,1
192734.jpg,0
079328.jpg,0
070287.jpg,0
118361.jpg,0
142940.jpg,1
036943.jpg,1
014306.jpg,0
049525.jpg,0
189124.jpg,0
085754.jpg,1
018224.jpg,0
200668.jpg,0
030561.jpg,1
070015.jpg,1
118949.jpg,0
012365.jpg,1
163947.jpg,1
193008.jpg,1
012066.jpg,1
093346.jpg,1
028038.jpg,0
094049.jpg,0
027470.jpg,1
162189.jpg,0
051208.jpg,1
133834.jpg,0
142807.jpg,1
179288.jpg,1
160959.jpg,0
125826.jpg,1
124824.jpg,1
123178.jpg,0
038892.jpg,1
000474.jpg,1
032794.jpg,0
130513.jpg,0
021675.jpg,1
016605.jpg,0
138576.jpg,1
175789.jpg,1
008096.jpg,0
148988.jpg,0
018739.jpg,1
140844.jpg,0
096943.jpg,0
004178.jpg,0
185754.jpg,1
163698.jpg,1
075229.jpg,0
069109.jpg,0
159627.jpg,1
138212.jpg,1
059005.jpg,0
091165.jpg,0
128353.jpg,1
114355.jpg,0
193930.jpg,0
025676.jpg,1
194803.jpg,0
012653.jpg,0
170988.jpg,0
190399.jpg,0
054503.jpg,0
176970.jpg,0
004026.jpg,0
123795.jpg,1
005406.jpg,0
140189.jpg,1
003461.jpg,1
118778.jpg,1
132087.jpg,1
089734.jpg,0
129307.jpg,0
138768.jpg,1
086516.jpg,0
106614.jpg,1
077823.jpg,0
071305.jpg,1
173678.jpg,0
091184.jpg,0
000052.jpg,1
077877.jpg,1
037956.jpg,1
174054.jpg,0
110439.jpg,0
180037.jpg,0
044920.jpg,1
159904.jpg,0
024441.jpg,1
139893.jpg,0
119611.jpg,0
170665.jpg,0
138606.jpg,0
063552.jpg,1
159580.jpg,1
008283.jpg,0
058121.jpg,1
151465.jpg,0
081807.jpg,1
115739.jpg,1
183816.jpg,1
142057.jpg,1
153453.jpg,1
006713.jpg,1
173290.jpg,0
199464.jpg,1
055002.jpg,1
010562.jpg,1
156311.jpg,1
016160.jpg,0
056163.jpg,0
165292.jpg,1
102241.jpg,1
040454.jpg,1
198403.jpg,0
122169.jpg,0
178539.jpg,1
142891.jpg,0
070920.jpg,1
075012.jpg,1
050821.jpg,0
183536.jpg,1
090286.jpg,1
112818.jpg,0
144818.jpg,0
173106.jpg,0
119940.jpg,0
015455.jpg,0
062972.jpg,0
078589.jpg,0
191852.jpg,0
014157.jpg,0
097268.jpg,0
042304.jpg,0
024436.jpg,1
021760.jpg,0
192648.jpg,0
174659.jpg,0
099076.jpg,0
043592.jpg,0
144670.jpg,0
193808.jpg,0
182781.jpg,1
052752.jpg,1
032102.jpg,0
032153.jpg,0
166088.jpg,0
074374.jpg,0
079471.jpg,0
157437.jpg,0
201861.jpg,0
135470.jpg,0
062024.jpg,1
057903.jpg,0
188198.jpg,0
003252.jpg,1
093931.jpg,1
139266.jpg,0
185221.jpg,0
128694.jpg,1
069051.jpg,0
130671.jpg,1
176915.jpg,1
195332.jpg,1
044587.jpg,0
168599.jpg,1
115524.jpg,1
036341.jpg,1
148327.jpg,0
185432.jpg,1
144002.jpg,1
178143.jpg,1
021688.jpg,1
186924.jpg,0
029926.jpg,0
059454.jpg,0
160275.jpg,0
190400.jpg,1
100195.jpg,1
121842.jpg,1
085351.jpg,0
192347.jpg,0
037132.jpg,0
147424.jpg,0
041283.jpg,1
100216.jpg,0
096795.jpg,0
038229.jpg,0
153178.jpg,0
192699.jpg,1
163997.jpg,1
027672.jpg,0
136054.jpg,1
094003.jpg,0
090583.jpg,1
143574.jpg,1
019522.jpg,1
000771.jpg,1
036300.jpg,0
098032.jpg,0
037398.jpg,1
151212.jpg,1
089676.jpg,0
154445.jpg,1
138134.jpg,1
051201.jpg,1
019895.jpg,0
175704.jpg,0
120599.jpg,1
049173.jpg,1
010852.jpg,1
083400.jpg,1
050182.jpg,1
095311.jpg,0
058854.jpg,1
158450.jpg,1
024310.jpg,0
147715.jpg,1
100538.jpg,1
055142.jpg,1
040276.jpg,0
027166.jpg,0
096168.jpg,0
118092.jpg,0
018412.jpg,1
154239.jpg,0
151442.jpg,0
014543.jpg,0
082681.jpg,0
180127.jpg,0
062729.jpg,1
050316.jpg,1
011548.jpg,1
062723.jpg,1
080858.jpg,0
135503.jpg,1
095985.jpg,0
085444.jpg,1
177561.jpg,0
096135.jpg,1
110387.jpg,1
017360.jpg,0
103579.jpg,1
160014.jpg,1
023013.jpg,0
176547.jpg,0
158942.jpg,0
191125.jpg,1
098793.jpg,0
190955.jpg,0
014390.jpg,1
047964.jpg,1
069223.jpg,1
138907.jpg,1
104976.jpg,0
166955.jpg,1
114866.jpg,1
068830.jpg,0
116263.jpg,0
105828.jpg,0
095924.jpg,1
132113.jpg,1
095327.jpg,0
052438.jpg,1
152786.jpg,0
198211.jpg,0
180986.jpg,1
083462.jpg,0
075414.jpg,0
063926.jpg,0
055107.jpg,1
179507.jpg,1
086508.jpg,0
095881.jpg,1
193340.jpg,1
091177.jpg,1
181842.jpg,0
126880.jpg,1
045944.jpg,0
156920.jpg,0
038974.jpg,1
032200.jpg,1
122908.jpg,1
137725.jpg,1
001295.jpg,0
037361.jpg,0
165022.jpg,1
048139.jpg,1
051742.jpg,1
094850.jpg,0
001401.jpg,1
039055.jpg,1
130253.jpg,1
039511.jpg,0
157191.jpg,1
164527.jpg,0
058261.jpg,1
135634.jpg,1
063070.jpg,1
001519.jpg,1
060612.jpg,1
156110.jpg,0
006825.jpg,1
055285.jpg,0
113059.jpg,1
146638.jpg,1
192475.jpg,1
161805.jpg,0
108680.jpg,1
162837.jpg,0
066130.jpg,0
052681.jpg,0
077331.jpg,1
024094.jpg,1
171087.jpg,0
128899.jpg,0
081459.jpg,1
036669.jpg,0
159493.jpg,1
000065.jpg,1
090751.jpg,1
131218.jpg,1
084478.jpg,1
034681.jpg,0
111235.jpg,0
098718.jpg,1
147457.jpg,1
064101.jpg,1
076671.jpg,1
041980.jpg,0
191136.jpg,0
062557.jpg,0
111104.jpg,1
149637.jpg,0
076626.jpg,1
092252.jpg,1
102625.jpg,1
113617.jpg,1
166900.jpg,0
033580.jpg,0
191870.jpg,1
129451.jpg,1
138353.jpg,1
057341.jpg,1
036247.jpg,0
153153.jpg,1
064586.jpg,0
064041.jpg,0
031139.jpg,1
105355.jpg,1
091219.jpg,0
074836.jpg,0
043616.jpg,0
000414.jpg,1
145689.jpg,1
054462.jpg,0
137844.jpg,0
059708.jpg,1
032748.jpg,0
160985.jpg,0
084406.jpg,1
171790.jpg,1
200955.jpg,1
089377.jpg,0
130987.jpg,1
038747.jpg,0
138897.jpg,0
151284.jpg,1
016249.jpg,1
106361.jpg,1
196292.jpg,0
121950.jpg,1
028494.jpg,1
011529.jpg,1
196974.jpg,0
005594.jpg,0
177813.jpg,0
173498.jpg,0
046979.jpg,1
141894.jpg,1
081996.jpg,0
013839.jpg,0
155849.jpg,0
187613.jpg,1
120908.jpg,0
010447.jpg,1
096467.jpg,0
051027.jpg,1
071385.jpg,1
142246.jpg,0
010539.jpg,0
028126.jpg,1
030379.jpg,0
009593.jpg,1
012764.jpg,0
019677.jpg,0
081470.jpg,0
038477.jpg,0
153504.jpg,0
183727.jpg,1
186180.jpg,1
141510.jpg,0
163060.jpg,1
072443.jpg,1
009781.jpg,0
098428.jpg,0
132136.jpg,1
029954.jpg,1
012354.jpg,0
152439.jpg,1
119693.jpg,0
045809.jpg,0
059282.jpg,0
199254.jpg,0
000545.jpg,1
131891.jpg,1
140723.jpg,0
037469.jpg,1
123300.jpg,1
056303.jpg,1
144602.jpg,1
145133.jpg,0
014711.jpg,0
165764.jpg,0
007291.jpg,0
123407.jpg,0
121203.jpg,0
047977.jpg,0
183966.jpg,1
045371.jpg,0
089457.jpg,0
108094.jpg,1
149337.jpg,1
131502.jpg,1
047719.jpg,0
169623.jpg,1
173814.jpg,0
024952.jpg,0
198849.jpg,0
059799.jpg,0
016370.jpg,0
123819.jpg,0
096360.jpg,1
196608.jpg,1
198884.jpg,1
106794.jpg,1
162413.jpg,0
029623.jpg,1
033651.jpg,0
061642.jpg,1
196432.jpg,0
119478.jpg,0
005249.jpg,1
025413.jpg,1
013503.jpg,1
016074.jpg,1
177440.jpg,0
198682.jpg,1
154110.jpg,1
016359.jpg,1
028730.jpg,1
161393.jpg,0
137085.jpg,0
001894.jpg,0
063081.jpg,0
147165.jpg,1
150366.jpg,0
201758.jpg,0
100465.jpg,1
145547.jpg,0
049312.jpg,0
164318.jpg,1
070316.jpg,0
195960.jpg,0
013788.jpg,1
008304.jpg,1
147877.jpg,0
000439.jpg,1
061606.jpg,0
147037.jpg,1
179377.jpg,1
122192.jpg,0
116270.jpg,0
127192.jpg,1
196023.jpg,1
092932.jpg,0
103410.jpg,0
118434.jpg,0
003940.jpg,1
143474.jpg,1
006947.jpg,1
004132.jpg,1
144180.jpg,1
202045.jpg,0
164375.jpg,1
155033.jpg,0
166316.jpg,0
187403.jpg,0
002415.jpg,1
050030.jpg,0
187874.jpg,1
041717.jpg,1
169876.jpg,0
112086.jpg,0
085241.jpg,1
061689.jpg,0
142586.jpg,1
006102.jpg,1
090009.jpg,0
019814.jpg,1
171522.jpg,1
174542.jpg,1
144382.jpg,0
143873.jpg,0
134897.jpg,1
070893.jpg,0
143055.jpg,1
194677.jpg,1
030463.jpg,0
145999.jpg,0
071786.jpg,0
173279.jpg,1
137596.jpg,1
176080.jpg,0
016504.jpg,0
030644.jpg,0
108233.jpg,1
003747.jpg,1
054644.jpg,0
180217.jpg,0
113230.jpg,1
116002.jpg,1
007450.jpg,1
161770.jpg,1
110536.jpg,1
144503.jpg,1
054207.jpg,0
005722.jpg,0
167509.jpg,0
162191.jpg,0
137245.jpg,1
028014.jpg,0
057187.jpg,1
073981.jpg,1
004762.jpg,1
064245.jpg,0
146493.jpg,0
182616.jpg,1
028290.jpg,1
160764.jpg,0
123284.jpg,1
120795.jpg,1
176522.jpg,1
068929.jpg,0
120244.jpg,0
018646.jpg,0
116488.jpg,0
081726.jpg,0
071477.jpg,0
092562.jpg,0
024878.jpg,0
006783.jpg,1
172334.jpg,0
082996.jpg,1
163496.jpg,0
065421.jpg,1
024391.jpg,0
057750.jpg,1
124022.jpg,1
131566.jpg,0
068500.jpg,0
125989.jpg,1
177613.jpg,1
121161.jpg,0
001613.jpg,1
056682.jpg,0
083619.jpg,0
087012.jpg,1
131393.jpg,0
117410.jpg,0
157629.jpg,0
201160.jpg,0
107369.jpg,0
083069.jpg,1
018061.jpg,0
163944.jpg,0
082016.jpg,0
134653.jpg,1
053250.jpg,0
071615.jpg,1
195102.jpg,1
139406.jpg,1
053299.jpg,0
104777.jpg,0
021796.jpg,0
103439.jpg,1
133639.jpg,0
129722.jpg,0
112381.jpg,0
029814.jpg,1
190631.jpg,1
199636.jpg,1
084268.jpg,1
108617.jpg,0
112158.jpg,1
024473.jpg,1
053297.jpg,1
057203.jpg,0
190255.jpg,1
183457.jpg,0
159424.jpg,0
075425.jpg,0
121561.jpg,0
199409.jpg,0
134275.jpg,1
037061.jpg,1
186392.jpg,0
052116.jpg,1
037938.jpg,1
062909.jpg,0
183731.jpg,1
129972.jpg,1
179893.jpg,0
028612.jpg,0
190167.jpg,0
125045.jpg,1
030263.jpg,0
178115.jpg,0
116204.jpg,1
161499.jpg,0
021659.jpg,1
003103.jpg,1
201541.jpg,0
186619.jpg,1
037368.jpg,1
139925.jpg,1
149198.jpg,0
194720.jpg,1
128797.jpg,1
088084.jpg,0
171521.jpg,1
013318.jpg,0
033448.jpg,0
037188.jpg,0
100666.jpg,1
007145.jpg,1
006596.jpg,0
061687.jpg,0
167323.jpg,0
193643.jpg,1
128433.jpg,1
184096.jpg,1
165187.jpg,0
141662.jpg,1
169295.jpg,0
188106.jpg,0
148357.jpg,0
134768.jpg,1
013085.jpg,0
072032.jpg,1
099564.jpg,0
080741.jpg,1
080748.jpg,0
074489.jpg,1
190028.jpg,0
012369.jpg,0
033826.jpg,1
125710.jpg,0
191417.jpg,1
140446.jpg,0
177724.jpg,0
143402.jpg,1
139895.jpg,0
088366.jpg,0
076116.jpg,0
060543.jpg,1
031417.jpg,0
032352.jpg,1
149948.jpg,1
159126.jpg,0
002202.jpg,0
120877.jpg,1
135725.jpg,1
076809.jpg,1
150031.jpg,1
188125.jpg,1
038228.jpg,0
068523.jpg,1
045930.jpg,0
039594.jpg,0
102292.jpg,1
007573.jpg,1
124603.jpg,0
132318.jpg,0
106620.jpg,0
190444.jpg,1
126061.jpg,0
141822.jpg,1
131190.jpg,0
011252.jpg,1
199994.jpg,0
017468.jpg,1
180077.jpg,1
093260.jpg,0
083180.jpg,1
137836.jpg,1
029337.jpg,1
038415.jpg,0
177346.jpg,1
176728.jpg,0
039656.jpg,1
131068.jpg,1
070811.jpg,1
185401.jpg,0
013077.jpg,1
056933.jpg,0
069447.jpg,1
043643.jpg,1
101062.jpg,1
014027.jpg,1
005707.jpg,0
027966.jpg,1
139471.jpg,1
044892.jpg,0
034676.jpg,0
038775.jpg,0
191789.jpg,1
060756.jpg,1
159570.jpg,1
109947.jpg,0
026811.jpg,1
040054.jpg,1
002443.jpg,0
011127.jpg,0
088965.jpg,1
190666.jpg,0
075182.jpg,0
144223.jpg,1
080015.jpg,0
000845.jpg,1
196314.jpg,0
165804.jpg,0
168979.jpg,0
030797.jpg,0
035576.jpg,0
192302.jpg,1
108931.jpg,1
145180.jpg,0
095725.jpg,1
166718.jpg,0
184985.jpg,0
015907.jpg,0
155810.jpg,0
176870.jpg,0
185143.jpg,0
091826.jpg,0
188936.jpg,0
155620.jpg,0
037961.jpg,1
150688.jpg,0
191805.jpg,0
094145.jpg,0
142089.jpg,1
007754.jpg,0
130948.jpg,1
054627.jpg,1
122747.jpg,1
141990.jpg,0
109744.jpg,1
162637.jpg,0
074373.jpg,1
181003.jpg,1
116628.jpg,0
123372.jpg,0
048411.jpg,0
066344.jpg,1
138973.jpg,0
116203.jpg,0
072095.jpg,0
152825.jpg,1
137329.jpg,1
137315.jpg,0
139887.jpg,0
024709.jpg,0
124559.jpg,1
183629.jpg,0
119587.jpg,1
110900.jpg,1
033687.jpg,1
066118.jpg,0
039520.jpg,0
133650.jpg,0
201327.jpg,0
087583.jpg,1
186548.jpg,0
014701.jpg,0
014092.jpg,1
033080.jpg,1
130855.jpg,1
135364.jpg,0
165821.jpg,0
084999.jpg,1
032164.jpg,1
108398.jpg,0
151367.jpg,0
094746.jpg,0
167825.jpg,1
179566.jpg,0
131619.jpg,0
118433.jpg,0
074705.jpg,0
074485.jpg,1
089838.jpg,0
093419.jpg,1
125026.jpg,1
104576.jpg,1
088221.jpg,1
017154.jpg,1
037637.jpg,1
050553.jpg,1
019693.jpg,0
081598.jpg,0
106127.jpg,1
126835.jpg,1
162448.jpg,0
086036.jpg,0
148633.jpg,1
080385.jpg,1
163221.jpg,1
050322.jpg,0
087807.jpg,0
109897.jpg,1
039762.jpg,1
151526.jpg,1
145034.jpg,0
054197.jpg,0
093666.jpg,0
098046.jpg,0
085589.jpg,1
042861.jpg,1
105950.jpg,0
002808.jpg,0
117853.jpg,1
053923.jpg,0
176926.jpg,1
035380.jpg,0
154606.jpg,1
194166.jpg,1
120627.jpg,1
102865.jpg,1
198323.jpg,0
106593.jpg,0
015245.jpg,1
076385.jpg,1
177248.jpg,0
162864.jpg,1
148323.jpg,0
141672.jpg,0
196873.jpg,0
080117.jpg,1
200934.jpg,1
176484.jpg,1
094864.jpg,0
054985.jpg,0
065243.jpg,1
149915.jpg,1
082387.jpg,1
088672.jpg,1
067429.jpg,1
010130.jpg,1
178943.jpg,0
081706.jpg,0
036907.jpg,1
081388.jpg,0
073255.jpg,1
063479.jpg,1
177828.jpg,0
170767.jpg,0
008708.jpg,0
029399.jpg,1
181682.jpg,0
046123.jpg,0
112180.jpg,1
034553.jpg,1
119357.jpg,0
004422.jpg,1
025995.jpg,0
000166.jpg,1
169115.jpg,1
019252.jpg,0
037461.jpg,1
042728.jpg,0
104089.jpg,1
009391.jpg,0
116548.jpg,1
150648.jpg,1
095887.jpg,0
142486.jpg,1
102913.jpg,1
064537.jpg,0
109805.jpg,1
178051.jpg,1
053736.jpg,0
139881.jpg,1
153401.jpg,1
188530.jpg,0
094223.jpg,1
079182.jpg,1
142313.jpg,0
111408.jpg,1
098912.jpg,0
086445.jpg,0
047173.jpg,0
009102.jpg,0
064371.jpg,0
133695.jpg,0
004663.jpg,0
052853.jpg,0
079246.jpg,1
181567.jpg,1
083003.jpg,1
136281.jpg,0
180761.jpg,0
113570.jpg,0
037429.jpg,1
014731.jpg,1
133904.jpg,1
085350.jpg,0
166510.jpg,1
021948.jpg,1
002223.jpg,1
025731.jpg,1
112347.jpg,1
051939.jpg,1
147227.jpg,0
167617.jpg,0
116941.jpg,0
170624.jpg,0
091643.jpg,1
090711.jpg,0
091988.jpg,0
070420.jpg,1
078700.jpg,1
176201.jpg,0
127411.jpg,0
021882.jpg,0
157124.jpg,0
127519.jpg,1
168318.jpg,0
078788.jpg,1
027119.jpg,0
175711.jpg,0
075366.jpg,1
133229.jpg,0
011027.jpg,1
069374.jpg,1
119995.jpg,0
036840.jpg,1
196272.jpg,1
076260.jpg,1
163609.jpg,0
153777.jpg,1
167437.jpg,1
153607.jpg,0
174330.jpg,1
104227.jpg,0
168765.jpg,0
123374.jpg,0
144384.jpg,0
115023.jpg,1
140867.jpg,1
005256.jpg,0
085390.jpg,0
176750.jpg,1
172996.jpg,0
175902.jpg,1
081044.jpg,0
099279.jpg,0
055652.jpg,0
054564.jpg,1
086026.jpg,1
085256.jpg,1
050473.jpg,1
137413.jpg,1
114010.jpg,1
074149.jpg,1
015965.jpg,1
009238.jpg,0
043308.jpg,0
079746.jpg,0
176683.jpg,1
086660.jpg,1
009750.jpg,0
139017.jpg,1
073063.jpg,0
028894.jpg,1
189056.jpg,0
169330.jpg,0
110574.jpg,0
183172.jpg,1
059629.jpg,1
067308.jpg,0
016410.jpg,1
015882.jpg,1
183786.jpg,0
086061.jpg,0
065934.jpg,0
158334.jpg,1
168355.jpg,1
008639.jpg,1
128123.jpg,0
073082.jpg,1
032274.jpg,0
116559.jpg,1
000409.jpg,1
077738.jpg,1
073746.jpg,1
009979.jpg,1
182775.jpg,1
120322.jpg,1
037644.jpg,1
179473.jpg,0
100232.jpg,1
152004.jpg,0
167312.jpg,1
112774.jpg,0
022466.jpg,0
111449.jpg,1
182290.jpg,0
185209.jpg,0
046276.jpg,1
122866.jpg,1
014466.jpg,1
114994.jpg,1
112990.jpg,1
019426.jpg,1
109677.jpg,1
135557.jpg,1
146962.jpg,1
057476.jpg,0
181717.jpg,0
137448.jpg,0
050751.jpg,0
142262.jpg,0
050362.jpg,1
194863.jpg,1
174284.jpg,0
133710.jpg,0
119567.jpg,0
169268.jpg,0
074274.jpg,0
197085.jpg,0
005089.jpg,0
033501.jpg,1
184019.jpg,0
062085.jpg,0
048942.jpg,0
021369.jpg,0
173582.jpg,0
078337.jpg,0
057068.jpg,0
036714.jpg,0
018648.jpg,1
197502.jpg,0
149705.jpg,1
186870.jpg,0
173215.jpg,1
142646.jpg,1
145261.jpg,0
028872.jpg,0
169696.jpg,0
088548.jpg,0
119055.jpg,1
141418.jpg,1
128229.jpg,1
073237.jpg,0
046556.jpg,1
174797.jpg,0
021508.jpg,1
067626.jpg,0
021185.jpg,1
183790.jpg,0
074459.jpg,0
057340.jpg,1
150193.jpg,0
095398.jpg,0
132075.jpg,0
062477.jpg,0
049137.jpg,1
121822.jpg,1
047948.jpg,0
134438.jpg,1
135319.jpg,1
101708.jpg,0
038438.jpg,1
175500.jpg,0
029736.jpg,1
046568.jpg,1
134098.jpg,1
121163.jpg,0
086193.jpg,0
042700.jpg,0
105606.jpg,0
131462.jpg,1
146917.jpg,1
119678.jpg,0
181894.jpg,0
128219.jpg,0
005458.jpg,0
112902.jpg,0
028972.jpg,0
072921.jpg,1
100122.jpg,1
176620.jpg,1
169130.jpg,0
195892.jpg,0
181969.jpg,1
056102.jpg,0
184719.jpg,0
024582.jpg,1
159543.jpg,0
151641.jpg,0
139666.jpg,1
167111.jpg,0
185763.jpg,0
063434.jpg,0
164953.jpg,1
045538.jpg,1
113104.jpg,0
120646.jpg,1
100175.jpg,0
140570.jpg,1
027230.jpg,1
113907.jpg,0
136375.jpg,1
029649.jpg,0
128399.jpg,1
061544.jpg,1
133335.jpg,1
160351.jpg,0
025101.jpg,0
004353.jpg,1
017018.jpg,0
125028.jpg,1
065674.jpg,1
200703.jpg,0
169690.jpg,1
030560.jpg,0
160168.jpg,0
137378.jpg,0
165837.jpg,1
097859.jpg,1
042873.jpg,1
157753.jpg,1
141847.jpg,0
111344.jpg,0
161635.jpg,1
096749.jpg,0
150981.jpg,0
187995.jpg,1
067932.jpg,0
034757.jpg,1
036770.jpg,1
185807.jpg,0
013529.jpg,1
115389.jpg,0
125904.jpg,1
055130.jpg,1
040504.jpg,1
114117.jpg,1
065823.jpg,1
099517.jpg,1
150512.jpg,1
187666.jpg,0
180273.jpg,0
197544.jpg,1
065955.jpg,1
090878.jpg,0
120391.jpg,0
191814.jpg,0
124704.jpg,1
085777.jpg,1
191712.jpg,0
142060.jpg,1
067625.jpg,0
172394.jpg,0
128409.jpg,0
091965.jpg,1
024111.jpg,1
059911.jpg,1
164590.jpg,0
136187.jpg,0
115768.jpg,1
021537.jpg,1
043564.jpg,0
040447.jpg,0
077272.jpg,1
046376.jpg,0
115327.jpg,1
004409.jpg,0
030013.jpg,0
194834.jpg,1
033764.jpg,1
004460.jpg,1
196315.jpg,0
192167.jpg,0
025693.jpg,1
180800.jpg,1
167592.jpg,0
039753.jpg,0
035593.jpg,1
000198.jpg,0
124345.jpg,1
127572.jpg,1
107517.jpg,0
099639.jpg,0
069216.jpg,0
046344.jpg,1
133062.jpg,0
023957.jpg,0
151801.jpg,1
150683.jpg,0
112579.jpg,0
047021.jpg,0
038917.jpg,0
109576.jpg,0
182046.jpg,0
154505.jpg,0
094489.jpg,0
166103.jpg,0
167097.jpg,0
021920.jpg,1
098236.jpg,0
113880.jpg,1
175736.jpg,0
031729.jpg,0
164208.jpg,1
057892.jpg,0
101606.jpg,0
122488.jpg,1
118034.jpg,1
200687.jpg,1
155107.jpg,1
111033.jpg,0
023728.jpg,0
072743.jpg,0
004728.jpg,1
138049.jpg,0
135446.jpg,1
201867.jpg,0
120955.jpg,0
039374.jpg,1
092043.jpg,0
007538.jpg,0
045994.jpg,0
028251.jpg,0
024844.jpg,0
173377.jpg,1
011946.jpg,1
139020.jpg,0
195337.jpg,0
042627.jpg,0
102936.jpg,1
202276.jpg,1
042927.jpg,0
101084.jpg,1
088225.jpg,0
050157.jpg,1
000559.jpg,1
127485.jpg,0
188059.jpg,1
125013.jpg,0
038606.jpg,0
008812.jpg,0
099387.jpg,0
139594.jpg,0
068228.jpg,1
042028.jpg,1
139832.jpg,1
185029.jpg,1
038447.jpg,0
201865.jpg,0
111086.jpg,0
191917.jpg,1
195382.jpg,0
049156.jpg,1
061958.jpg,1
161265.jpg,0
053216.jpg,1
197998.jpg,0
006386.jpg,1
038462.jpg,0
152691.jpg,0
116506.jpg,1
152080.jpg,1
120507.jpg,1
088095.jpg,0
102709.jpg,0
129651.jpg,1
009920.jpg,0
170401.jpg,0
059193.jpg,1
066409.jpg,1
191656.jpg,0
161417.jpg,1
068292.jpg,1
182294.jpg,0
090403.jpg,1
067695.jpg,1
129195.jpg,1
082221.jpg,1
165371.jpg,0
126728.jpg,0
150267.jpg,0
081995.jpg,1
147184.jpg,0
199600.jpg,0
025342.jpg,0
010242.jpg,1
164324.jpg,0
072424.jpg,0
192089.jpg,1
095378.jpg,1
078375.jpg,0
120971.jpg,0
020394.jpg,0
073927.jpg,1
118428.jpg,0
131426.jpg,1
005608.jpg,1
079805.jpg,1
113979.jpg,1
026592.jpg,0
072139.jpg,1
100432.jpg,0
138162.jpg,1
173453.jpg,1
046326.jpg,1
133439.jpg,1
024858.jpg,1
144461.jpg,1
077265.jpg,0
007644.jpg,1
093122.jpg,0
177575.jpg,1
182280.jpg,0
171041.jpg,1
007875.jpg,0
142237.jpg,1
069799.jpg,1
112743.jpg,0
068871.jpg,0
140930.jpg,1
034850.jpg,0
192126.jpg,1
165540.jpg,1
086471.jpg,0
200585.jpg,1
122143.jpg,1
066016.jpg,1
140166.jpg,1
144410.jpg,1
052692.jpg,1
074285.jpg,0
151546.jpg,1
134535.jpg,1
198957.jpg,0
080458.jpg,1
026851.jpg,1
193833.jpg,1
151122.jpg,1
178780.jpg,1
028684.jpg,0
052328.jpg,1
108405.jpg,1
162922.jpg,0
089527.jpg,1
134457.jpg,0
081675.jpg,0
062011.jpg,0
067227.jpg,1
146301.jpg,1
109192.jpg,0
124819.jpg,1
064183.jpg,1
110815.jpg,1
106017.jpg,0
128802.jpg,0
134889.jpg,0
069428.jpg,1
042579.jpg,1
187802.jpg,0
132175.jpg,1
067601.jpg,0
070652.jpg,1
023524.jpg,0
113228.jpg,1
035084.jpg,1
060587.jpg,0
008067.jpg,1
035353.jpg,0
021228.jpg,0
041200.jpg,0
063403.jpg,1
112529.jpg,1
110918.jpg,1
032575.jpg,1
098232.jpg,0
186046.jpg,0
126598.jpg,1
197293.jpg,0
007738.jpg,0
143759.jpg,1
181167.jpg,0
016075.jpg,1
060808.jpg,1
109263.jpg,1
081442.jpg,0
103250.jpg,1
002456.jpg,1
156141.jpg,1
082670.jpg,1
020656.jpg,1
015606.jpg,1
196606.jpg,0
161471.jpg,1
197811.jpg,0
043299.jpg,1
035801.jpg,0
040585.jpg,0
051761.jpg,0
184206.jpg,1
136170.jpg,1
198910.jpg,1
039870.jpg,1
174236.jpg,1
006422.jpg,0
194475.jpg,0
060954.jpg,0
154432.jpg,0
105490.jpg,1
140422.jpg,1
040859.jpg,0
125404.jpg,0
159152.jpg,0
078086.jpg,1
128628.jpg,0
001256.jpg,1
031292.jpg,1
102698.jpg,0
055995.jpg,1
105472.jpg,0
114479.jpg,0
081758.jpg,0
082443.jpg,0
094274.jpg,1
024675.jpg,0
097357.jpg,0
117479.jpg,0
026041.jpg,0
156572.jpg,1
130747.jpg,0
062003.jpg,1
051223.jpg,0
075976.jpg,1
188720.jpg,0
122279.jpg,1
111052.jpg,1
039075.jpg,0
111493.jpg,1
081847.jpg,0
043565.jpg,0
019550.jpg,0
118123.jpg,1
196062.jpg,0
166173.jpg,1
184375.jpg,1
047763.jpg,1
097249.jpg,0
095487.jpg,0
031020.jpg,0
067844.jpg,0
004779.jpg,0
118900.jpg,0
139747.jpg,1
179336.jpg,0
019169.jpg,1
126186.jpg,0
151869.jpg,0
035059.jpg,0
